{
    "$schema": "https://schema.management.azure.com/schemas/2015-01-01/deploymentParameters.json#",
    "contentVersion": "1.0.0.0",
    "parameters": {
        "operations_getfile_type": {
            "value": null
        },
        "operations_delete_type": {
            "value": null
        },
        "operations_requeue_type": {
            "value": null
        },
        "operations_searchbygatepass_type": {
            "value": null
        },
        "operations_searchbysixr_type": {
            "value": null
        },
        "operations_action_type": {
            "value": null
        },
        "operations_action_type_1": {
            "value": null
        },
        "operations_asyncaction_type": {
            "value": null
        },
        "operations_asyncaction_type_1": {
            "value": null
        },
        "service_NextCloud_name": {
            "value": null
        }
    }
}