{
    "$schema": "https://schema.management.azure.com/schemas/2019-04-01/deploymentTemplate.json#",
    "contentVersion": "1.0.0.0",
    "parameters": {
        "operations_getfile_type": {
            "type": "SecureString"
        },
        "operations_delete_type": {
            "type": "SecureString"
        },
        "operations_requeue_type": {
            "type": "SecureString"
        },
        "operations_searchbygatepass_type": {
            "type": "SecureString"
        },
        "operations_searchbysixr_type": {
            "type": "SecureString"
        },
        "operations_action_type": {
            "type": "SecureString"
        },
        "operations_action_type_1": {
            "type": "SecureString"
        },
        "operations_asyncaction_type": {
            "type": "SecureString"
        },
        "operations_asyncaction_type_1": {
            "type": "SecureString"
        },
        "service_NextCloud_name": {
            "defaultValue": "NextCloud",
            "type": "String"
        }
    },
    "variables": {},
    "resources": [
        {
            "type": "Microsoft.ApiManagement/service",
            "apiVersion": "2023-03-01-preview",
            "name": "[parameters('service_NextCloud_name')]",
            "location": "Central India",
            "sku": {
                "name": "Consumption",
                "capacity": 0
            },
            "properties": {
                "publisherEmail": "Kishansinghverma@gmail.com",
                "publisherName": "Student",
                "notificationSenderEmail": "apimgmt-noreply@mail.windowsazure.com",
                "hostnameConfigurations": [
                    {
                        "type": "Proxy",
                        "hostName": "nextcloud.azure-api.net",
                        "negotiateClientCertificate": false,
                        "defaultSslBinding": true,
                        "certificateSource": "BuiltIn"
                    }
                ],
                "customProperties": {
                    "Microsoft.WindowsAzure.ApiManagement.Gateway.Security.Protocols.Tls11": "false",
                    "Microsoft.WindowsAzure.ApiManagement.Gateway.Security.Protocols.Tls10": "false",
                    "Microsoft.WindowsAzure.ApiManagement.Gateway.Security.Backend.Protocols.Tls11": "false",
                    "Microsoft.WindowsAzure.ApiManagement.Gateway.Security.Backend.Protocols.Tls10": "false",
                    "Microsoft.WindowsAzure.ApiManagement.Gateway.Security.Backend.Protocols.Ssl30": "false",
                    "Microsoft.WindowsAzure.ApiManagement.Gateway.Protocols.Server.Http2": "false"
                },
                "virtualNetworkType": "None",
                "enableClientCertificate": false,
                "disableGateway": false,
                "natGatewayState": "Disabled",
                "apiVersionConstraint": {},
                "publicNetworkAccess": "Enabled",
                "legacyPortalStatus": "Enabled",
                "developerPortalStatus": "Enabled"
            }
        },
        {
            "type": "Microsoft.ApiManagement/service/apis",
            "apiVersion": "2023-03-01-preview",
            "name": "[concat(parameters('service_NextCloud_name'), '/apis')]",
            "dependsOn": [
                "[resourceId('Microsoft.ApiManagement/service', parameters('service_NextCloud_name'))]"
            ],
            "properties": {
                "displayName": "Misc APIs",
                "apiRevision": "1",
                "subscriptionRequired": false,
                "serviceUrl": "http://54.66.50.98:8585/api",
                "path": "api",
                "protocols": [
                    "https"
                ],
                "authenticationSettings": {
                    "oAuth2AuthenticationSettings": [],
                    "openidAuthenticationSettings": []
                },
                "subscriptionKeyParameterNames": {
                    "header": "Ocp-Apim-Subscription-Key",
                    "query": "subscription-key"
                },
                "isCurrent": true
            }
        },
        {
            "type": "Microsoft.ApiManagement/service/apis",
            "apiVersion": "2023-03-01-preview",
            "name": "[concat(parameters('service_NextCloud_name'), '/emandi-apis')]",
            "dependsOn": [
                "[resourceId('Microsoft.ApiManagement/service', parameters('service_NextCloud_name'))]"
            ],
            "properties": {
                "displayName": "Emandi APIs",
                "apiRevision": "1",
                "subscriptionRequired": false,
                "serviceUrl": "http://54.66.50.98:8080/api",
                "path": "emandi/api",
                "protocols": [
                    "https"
                ],
                "authenticationSettings": {
                    "oAuth2AuthenticationSettings": [],
                    "openidAuthenticationSettings": []
                },
                "subscriptionKeyParameterNames": {
                    "header": "Ocp-Apim-Subscription-Key",
                    "query": "subscription-key"
                },
                "isCurrent": true
            }
        },
        {
            "type": "Microsoft.ApiManagement/service/apis",
            "apiVersion": "2023-03-01-preview",
            "name": "[concat(parameters('service_NextCloud_name'), '/homeautumation')]",
            "dependsOn": [
                "[resourceId('Microsoft.ApiManagement/service', parameters('service_NextCloud_name'))]"
            ],
            "properties": {
                "displayName": "HomeAutomation",
                "apiRevision": "1",
                "subscriptionRequired": false,
                "serviceUrl": "http://3.25.71.247:8585",
                "path": "home",
                "protocols": [
                    "https"
                ],
                "authenticationSettings": {
                    "oAuth2AuthenticationSettings": [],
                    "openidAuthenticationSettings": []
                },
                "subscriptionKeyParameterNames": {
                    "header": "Ocp-Apim-Subscription-Key",
                    "query": "subscription-key"
                },
                "isCurrent": true
            }
        },
        {
            "type": "Microsoft.ApiManagement/service/policies",
            "apiVersion": "2023-03-01-preview",
            "name": "[concat(parameters('service_NextCloud_name'), '/policy')]",
            "dependsOn": [
                "[resourceId('Microsoft.ApiManagement/service', parameters('service_NextCloud_name'))]"
            ],
            "properties": {
                "value": "<!--\r\n    IMPORTANT:\r\n    - Policy elements can appear only within the <inbound>, <outbound>, <backend> section elements.\r\n    - Only the <forward-request> policy element can appear within the <backend> section element.\r\n    - To apply a policy to the incoming request (before it is forwarded to the backend service), place a corresponding policy element within the <inbound> section element.\r\n    - To apply a policy to the outgoing response (before it is sent back to the caller), place a corresponding policy element within the <outbound> section element.\r\n    - To add a policy position the cursor at the desired insertion point and click on the round button associated with the policy.\r\n    - To remove a policy, delete the corresponding policy statement from the policy document.\r\n    - Policies are applied in the order of their appearance, from the top down.\r\n-->\r\n<policies>\r\n  <inbound></inbound>\r\n  <backend>\r\n    <forward-request />\r\n  </backend>\r\n  <outbound></outbound>\r\n</policies>",
                "format": "xml"
            }
        },
        {
            "type": "Microsoft.ApiManagement/service/subscriptions",
            "apiVersion": "2023-03-01-preview",
            "name": "[concat(parameters('service_NextCloud_name'), '/master')]",
            "dependsOn": [
                "[resourceId('Microsoft.ApiManagement/service', parameters('service_NextCloud_name'))]"
            ],
            "properties": {
                "scope": "[concat(resourceId('Microsoft.ApiManagement/service', parameters('service_NextCloud_name')), '/')]",
                "displayName": "Built-in all-access subscription",
                "state": "active",
                "allowTracing": false
            }
        },
        {
            "type": "Microsoft.ApiManagement/service/apis/operations",
            "apiVersion": "2023-03-01-preview",
            "name": "[concat(parameters('service_NextCloud_name'), '/homeautumation/action')]",
            "dependsOn": [
                "[resourceId('Microsoft.ApiManagement/service/apis', parameters('service_NextCloud_name'), 'homeautumation')]",
                "[resourceId('Microsoft.ApiManagement/service', parameters('service_NextCloud_name'))]"
            ],
            "properties": {
                "displayName": "Action",
                "method": "GET",
                "urlTemplate": "/action/{device}/{query}",
                "templateParameters": [
                    {
                        "name": "device",
                        "required": true,
                        "values": [],
                        "type": "[parameters('operations_action_type')]"
                    },
                    {
                        "name": "query",
                        "required": true,
                        "values": [],
                        "type": "[parameters('operations_action_type_1')]"
                    }
                ],
                "responses": []
            }
        },
        {
            "type": "Microsoft.ApiManagement/service/apis/operations",
            "apiVersion": "2023-03-01-preview",
            "name": "[concat(parameters('service_NextCloud_name'), '/homeautumation/actions')]",
            "dependsOn": [
                "[resourceId('Microsoft.ApiManagement/service/apis', parameters('service_NextCloud_name'), 'homeautumation')]",
                "[resourceId('Microsoft.ApiManagement/service', parameters('service_NextCloud_name'))]"
            ],
            "properties": {
                "displayName": "Actions",
                "method": "POST",
                "urlTemplate": "/actions",
                "templateParameters": [],
                "responses": []
            }
        },
        {
            "type": "Microsoft.ApiManagement/service/apis/operations",
            "apiVersion": "2023-03-01-preview",
            "name": "[concat(parameters('service_NextCloud_name'), '/homeautumation/asyncaction')]",
            "dependsOn": [
                "[resourceId('Microsoft.ApiManagement/service/apis', parameters('service_NextCloud_name'), 'homeautumation')]",
                "[resourceId('Microsoft.ApiManagement/service', parameters('service_NextCloud_name'))]"
            ],
            "properties": {
                "displayName": "AsyncAction",
                "method": "GET",
                "urlTemplate": "/asyncaction/{device}/{query}",
                "templateParameters": [
                    {
                        "name": "device",
                        "required": true,
                        "values": [],
                        "type": "[parameters('operations_asyncaction_type')]"
                    },
                    {
                        "name": "query",
                        "required": true,
                        "values": [],
                        "type": "[parameters('operations_asyncaction_type_1')]"
                    }
                ],
                "responses": []
            }
        },
        {
            "type": "Microsoft.ApiManagement/service/apis/operations",
            "apiVersion": "2023-03-01-preview",
            "name": "[concat(parameters('service_NextCloud_name'), '/homeautumation/asyncactions')]",
            "dependsOn": [
                "[resourceId('Microsoft.ApiManagement/service/apis', parameters('service_NextCloud_name'), 'homeautumation')]",
                "[resourceId('Microsoft.ApiManagement/service', parameters('service_NextCloud_name'))]"
            ],
            "properties": {
                "displayName": "AsyncActions",
                "method": "POST",
                "urlTemplate": "/asyncactions",
                "templateParameters": [],
                "responses": []
            }
        },
        {
            "type": "Microsoft.ApiManagement/service/apis/operations",
            "apiVersion": "2023-03-01-preview",
            "name": "[concat(parameters('service_NextCloud_name'), '/emandi-apis/delete')]",
            "dependsOn": [
                "[resourceId('Microsoft.ApiManagement/service/apis', parameters('service_NextCloud_name'), 'emandi-apis')]",
                "[resourceId('Microsoft.ApiManagement/service', parameters('service_NextCloud_name'))]"
            ],
            "properties": {
                "displayName": "Delete",
                "method": "GET",
                "urlTemplate": "/delete/{id}",
                "templateParameters": [
                    {
                        "name": "id",
                        "required": true,
                        "values": [],
                        "type": "[parameters('operations_delete_type')]"
                    }
                ],
                "responses": []
            }
        },
        {
            "type": "Microsoft.ApiManagement/service/apis/operations",
            "apiVersion": "2023-03-01-preview",
            "name": "[concat(parameters('service_NextCloud_name'), '/apis/getfile')]",
            "dependsOn": [
                "[resourceId('Microsoft.ApiManagement/service/apis', parameters('service_NextCloud_name'), 'apis')]",
                "[resourceId('Microsoft.ApiManagement/service', parameters('service_NextCloud_name'))]"
            ],
            "properties": {
                "displayName": "GetFile",
                "method": "GET",
                "urlTemplate": "/files/{name}",
                "templateParameters": [
                    {
                        "name": "name",
                        "required": true,
                        "values": [],
                        "type": "[parameters('operations_getfile_type')]"
                    }
                ],
                "responses": []
            }
        },
        {
            "type": "Microsoft.ApiManagement/service/apis/operations",
            "apiVersion": "2023-03-01-preview",
            "name": "[concat(parameters('service_NextCloud_name'), '/apis/getprinterstatus')]",
            "dependsOn": [
                "[resourceId('Microsoft.ApiManagement/service/apis', parameters('service_NextCloud_name'), 'apis')]",
                "[resourceId('Microsoft.ApiManagement/service', parameters('service_NextCloud_name'))]"
            ],
            "properties": {
                "displayName": "GetPrinterStatus",
                "method": "GET",
                "urlTemplate": "/printer/status",
                "templateParameters": [],
                "responses": []
            }
        },
        {
            "type": "Microsoft.ApiManagement/service/apis/operations",
            "apiVersion": "2023-03-01-preview",
            "name": "[concat(parameters('service_NextCloud_name'), '/apis/getsplitwisegroups')]",
            "dependsOn": [
                "[resourceId('Microsoft.ApiManagement/service/apis', parameters('service_NextCloud_name'), 'apis')]",
                "[resourceId('Microsoft.ApiManagement/service', parameters('service_NextCloud_name'))]"
            ],
            "properties": {
                "displayName": "GetSplitwiseGroups",
                "method": "GET",
                "urlTemplate": "/splitwise/groups",
                "templateParameters": [],
                "responses": []
            }
        },
        {
            "type": "Microsoft.ApiManagement/service/apis/operations",
            "apiVersion": "2023-03-01-preview",
            "name": "[concat(parameters('service_NextCloud_name'), '/emandi-apis/list-parties')]",
            "dependsOn": [
                "[resourceId('Microsoft.ApiManagement/service/apis', parameters('service_NextCloud_name'), 'emandi-apis')]",
                "[resourceId('Microsoft.ApiManagement/service', parameters('service_NextCloud_name'))]"
            ],
            "properties": {
                "displayName": "List Parties",
                "method": "GET",
                "urlTemplate": "/parties",
                "templateParameters": [],
                "responses": []
            }
        },
        {
            "type": "Microsoft.ApiManagement/service/apis/operations",
            "apiVersion": "2023-03-01-preview",
            "name": "[concat(parameters('service_NextCloud_name'), '/apis/loggrouptransaction')]",
            "dependsOn": [
                "[resourceId('Microsoft.ApiManagement/service/apis', parameters('service_NextCloud_name'), 'apis')]",
                "[resourceId('Microsoft.ApiManagement/service', parameters('service_NextCloud_name'))]"
            ],
            "properties": {
                "displayName": "LogGroupTransaction",
                "method": "POST",
                "urlTemplate": "/splitwise/transactions",
                "templateParameters": [],
                "responses": []
            }
        },
        {
            "type": "Microsoft.ApiManagement/service/apis/operations",
            "apiVersion": "2023-03-01-preview",
            "name": "[concat(parameters('service_NextCloud_name'), '/apis/logtransaction')]",
            "dependsOn": [
                "[resourceId('Microsoft.ApiManagement/service/apis', parameters('service_NextCloud_name'), 'apis')]",
                "[resourceId('Microsoft.ApiManagement/service', parameters('service_NextCloud_name'))]"
            ],
            "properties": {
                "displayName": "LogTransaction",
                "method": "POST",
                "urlTemplate": "/transaction/gatepass",
                "templateParameters": [],
                "responses": []
            }
        },
        {
            "type": "Microsoft.ApiManagement/service/apis/operations",
            "apiVersion": "2023-03-01-preview",
            "name": "[concat(parameters('service_NextCloud_name'), '/emandi-apis/parties')]",
            "dependsOn": [
                "[resourceId('Microsoft.ApiManagement/service/apis', parameters('service_NextCloud_name'), 'emandi-apis')]",
                "[resourceId('Microsoft.ApiManagement/service', parameters('service_NextCloud_name'))]"
            ],
            "properties": {
                "displayName": "Parties",
                "method": "POST",
                "urlTemplate": "/parties",
                "templateParameters": [],
                "responses": []
            }
        },
        {
            "type": "Microsoft.ApiManagement/service/apis/operations",
            "apiVersion": "2023-03-01-preview",
            "name": "[concat(parameters('service_NextCloud_name'), '/emandi-apis/peek')]",
            "dependsOn": [
                "[resourceId('Microsoft.ApiManagement/service/apis', parameters('service_NextCloud_name'), 'emandi-apis')]",
                "[resourceId('Microsoft.ApiManagement/service', parameters('service_NextCloud_name'))]"
            ],
            "properties": {
                "displayName": "Peek",
                "method": "GET",
                "urlTemplate": "/peek",
                "templateParameters": [],
                "responses": []
            }
        },
        {
            "type": "Microsoft.ApiManagement/service/apis/operations",
            "apiVersion": "2023-03-01-preview",
            "name": "[concat(parameters('service_NextCloud_name'), '/emandi-apis/pop')]",
            "dependsOn": [
                "[resourceId('Microsoft.ApiManagement/service/apis', parameters('service_NextCloud_name'), 'emandi-apis')]",
                "[resourceId('Microsoft.ApiManagement/service', parameters('service_NextCloud_name'))]"
            ],
            "properties": {
                "displayName": "Pop",
                "method": "GET",
                "urlTemplate": "/pop",
                "templateParameters": [],
                "responses": []
            }
        },
        {
            "type": "Microsoft.ApiManagement/service/apis/operations",
            "apiVersion": "2023-03-01-preview",
            "name": "[concat(parameters('service_NextCloud_name'), '/apis/printfromhtml')]",
            "dependsOn": [
                "[resourceId('Microsoft.ApiManagement/service/apis', parameters('service_NextCloud_name'), 'apis')]",
                "[resourceId('Microsoft.ApiManagement/service', parameters('service_NextCloud_name'))]"
            ],
            "properties": {
                "displayName": "PrintFromHtml",
                "method": "POST",
                "urlTemplate": "/files/html",
                "templateParameters": [],
                "responses": []
            }
        },
        {
            "type": "Microsoft.ApiManagement/service/apis/operations",
            "apiVersion": "2023-03-01-preview",
            "name": "[concat(parameters('service_NextCloud_name'), '/emandi-apis/processed')]",
            "dependsOn": [
                "[resourceId('Microsoft.ApiManagement/service/apis', parameters('service_NextCloud_name'), 'emandi-apis')]",
                "[resourceId('Microsoft.ApiManagement/service', parameters('service_NextCloud_name'))]"
            ],
            "properties": {
                "displayName": "Processed",
                "method": "GET",
                "urlTemplate": "/processed",
                "templateParameters": [],
                "responses": []
            }
        },
        {
            "type": "Microsoft.ApiManagement/service/apis/operations",
            "apiVersion": "2023-03-01-preview",
            "name": "[concat(parameters('service_NextCloud_name'), '/emandi-apis/push')]",
            "dependsOn": [
                "[resourceId('Microsoft.ApiManagement/service/apis', parameters('service_NextCloud_name'), 'emandi-apis')]",
                "[resourceId('Microsoft.ApiManagement/service', parameters('service_NextCloud_name'))]"
            ],
            "properties": {
                "displayName": "Push",
                "method": "POST",
                "urlTemplate": "/push",
                "templateParameters": [],
                "responses": []
            }
        },
        {
            "type": "Microsoft.ApiManagement/service/apis/operations",
            "apiVersion": "2023-03-01-preview",
            "name": "[concat(parameters('service_NextCloud_name'), '/emandi-apis/queued')]",
            "dependsOn": [
                "[resourceId('Microsoft.ApiManagement/service/apis', parameters('service_NextCloud_name'), 'emandi-apis')]",
                "[resourceId('Microsoft.ApiManagement/service', parameters('service_NextCloud_name'))]"
            ],
            "properties": {
                "displayName": "Queued",
                "method": "GET",
                "urlTemplate": "/queued",
                "templateParameters": [],
                "responses": []
            }
        },
        {
            "type": "Microsoft.ApiManagement/service/apis/operations",
            "apiVersion": "2023-03-01-preview",
            "name": "[concat(parameters('service_NextCloud_name'), '/emandi-apis/requeue')]",
            "dependsOn": [
                "[resourceId('Microsoft.ApiManagement/service/apis', parameters('service_NextCloud_name'), 'emandi-apis')]",
                "[resourceId('Microsoft.ApiManagement/service', parameters('service_NextCloud_name'))]"
            ],
            "properties": {
                "displayName": "Requeue",
                "method": "GET",
                "urlTemplate": "/requeue/{id}",
                "templateParameters": [
                    {
                        "name": "id",
                        "required": true,
                        "values": [],
                        "type": "[parameters('operations_requeue_type')]"
                    }
                ],
                "responses": []
            }
        },
        {
            "type": "Microsoft.ApiManagement/service/apis/operations",
            "apiVersion": "2023-03-01-preview",
            "name": "[concat(parameters('service_NextCloud_name'), '/emandi-apis/searchbygatepass')]",
            "dependsOn": [
                "[resourceId('Microsoft.ApiManagement/service/apis', parameters('service_NextCloud_name'), 'emandi-apis')]",
                "[resourceId('Microsoft.ApiManagement/service', parameters('service_NextCloud_name'))]"
            ],
            "properties": {
                "displayName": "SearchByGatepass",
                "method": "GET",
                "urlTemplate": "/searchbygatepass",
                "templateParameters": [],
                "request": {
                    "queryParameters": [
                        {
                            "name": "id",
                            "required": true,
                            "values": [],
                            "type": "[parameters('operations_searchbygatepass_type')]"
                        }
                    ],
                    "headers": [],
                    "representations": []
                },
                "responses": []
            }
        },
        {
            "type": "Microsoft.ApiManagement/service/apis/operations",
            "apiVersion": "2023-03-01-preview",
            "name": "[concat(parameters('service_NextCloud_name'), '/emandi-apis/searchbysixr')]",
            "dependsOn": [
                "[resourceId('Microsoft.ApiManagement/service/apis', parameters('service_NextCloud_name'), 'emandi-apis')]",
                "[resourceId('Microsoft.ApiManagement/service', parameters('service_NextCloud_name'))]"
            ],
            "properties": {
                "displayName": "SearchBySixR",
                "method": "GET",
                "urlTemplate": "/searchbysixr",
                "templateParameters": [],
                "request": {
                    "queryParameters": [
                        {
                            "name": "id",
                            "required": true,
                            "values": [],
                            "type": "[parameters('operations_searchbysixr_type')]"
                        }
                    ],
                    "headers": [],
                    "representations": []
                },
                "responses": []
            }
        },
        {
            "type": "Microsoft.ApiManagement/service/apis/operations",
            "apiVersion": "2023-03-01-preview",
            "name": "[concat(parameters('service_NextCloud_name'), '/apis/sendwhatsappmessage')]",
            "dependsOn": [
                "[resourceId('Microsoft.ApiManagement/service/apis', parameters('service_NextCloud_name'), 'apis')]",
                "[resourceId('Microsoft.ApiManagement/service', parameters('service_NextCloud_name'))]"
            ],
            "properties": {
                "displayName": "SendWhatsAppMessage",
                "method": "POST",
                "urlTemplate": "/message",
                "templateParameters": [],
                "responses": []
            }
        },
        {
            "type": "Microsoft.ApiManagement/service/apis/operations",
            "apiVersion": "2023-03-01-preview",
            "name": "[concat(parameters('service_NextCloud_name'), '/emandi-apis/update')]",
            "dependsOn": [
                "[resourceId('Microsoft.ApiManagement/service/apis', parameters('service_NextCloud_name'), 'emandi-apis')]",
                "[resourceId('Microsoft.ApiManagement/service', parameters('service_NextCloud_name'))]"
            ],
            "properties": {
                "displayName": "Update",
                "method": "POST",
                "urlTemplate": "/update",
                "templateParameters": [],
                "responses": []
            }
        },
        {
            "type": "Microsoft.ApiManagement/service/apis/policies",
            "apiVersion": "2023-03-01-preview",
            "name": "[concat(parameters('service_NextCloud_name'), '/apis/policy')]",
            "dependsOn": [
                "[resourceId('Microsoft.ApiManagement/service/apis', parameters('service_NextCloud_name'), 'apis')]",
                "[resourceId('Microsoft.ApiManagement/service', parameters('service_NextCloud_name'))]"
            ],
            "properties": {
                "value": "<!--\r\n    IMPORTANT:\r\n    - Policy elements can appear only within the <inbound>, <outbound>, <backend> section elements.\r\n    - To apply a policy to the incoming request (before it is forwarded to the backend service), place a corresponding policy element within the <inbound> section element.\r\n    - To apply a policy to the outgoing response (before it is sent back to the caller), place a corresponding policy element within the <outbound> section element.\r\n    - To add a policy, place the cursor at the desired insertion point and select a policy from the sidebar.\r\n    - To remove a policy, delete the corresponding policy statement from the policy document.\r\n    - Position the <base> element within a section element to inherit all policies from the corresponding section element in the enclosing scope.\r\n    - Remove the <base> element to prevent inheriting policies from the corresponding section element in the enclosing scope.\r\n    - Policies are applied in the order of their appearance, from the top down.\r\n    - Comments within policy elements are not supported and may disappear. Place your comments between policy elements or at a higher level scope.\r\n-->\r\n<policies>\r\n  <inbound>\r\n    <base />\r\n    <cors>\r\n      <allowed-origins>\r\n        <origin>*</origin>\r\n      </allowed-origins>\r\n      <allowed-methods>\r\n        <method>GET</method>\r\n        <method>POST</method>\r\n        <method>PUT</method>\r\n        <method>DELETE</method>\r\n        <method>HEAD</method>\r\n      </allowed-methods>\r\n      <allowed-headers>\r\n        <header>*</header>\r\n      </allowed-headers>\r\n      <expose-headers>\r\n        <header>*</header>\r\n      </expose-headers>\r\n    </cors>\r\n  </inbound>\r\n  <backend>\r\n    <base />\r\n  </backend>\r\n  <outbound>\r\n    <base />\r\n  </outbound>\r\n  <on-error>\r\n    <base />\r\n  </on-error>\r\n</policies>",
                "format": "xml"
            }
        },
        {
            "type": "Microsoft.ApiManagement/service/apis/policies",
            "apiVersion": "2023-03-01-preview",
            "name": "[concat(parameters('service_NextCloud_name'), '/emandi-apis/policy')]",
            "dependsOn": [
                "[resourceId('Microsoft.ApiManagement/service/apis', parameters('service_NextCloud_name'), 'emandi-apis')]",
                "[resourceId('Microsoft.ApiManagement/service', parameters('service_NextCloud_name'))]"
            ],
            "properties": {
                "value": "<!--\r\n    IMPORTANT:\r\n    - Policy elements can appear only within the <inbound>, <outbound>, <backend> section elements.\r\n    - To apply a policy to the incoming request (before it is forwarded to the backend service), place a corresponding policy element within the <inbound> section element.\r\n    - To apply a policy to the outgoing response (before it is sent back to the caller), place a corresponding policy element within the <outbound> section element.\r\n    - To add a policy, place the cursor at the desired insertion point and select a policy from the sidebar.\r\n    - To remove a policy, delete the corresponding policy statement from the policy document.\r\n    - Position the <base> element within a section element to inherit all policies from the corresponding section element in the enclosing scope.\r\n    - Remove the <base> element to prevent inheriting policies from the corresponding section element in the enclosing scope.\r\n    - Policies are applied in the order of their appearance, from the top down.\r\n    - Comments within policy elements are not supported and may disappear. Place your comments between policy elements or at a higher level scope.\r\n-->\r\n<policies>\r\n  <inbound>\r\n    <base />\r\n    <cors>\r\n      <allowed-origins>\r\n        <origin>*</origin>\r\n      </allowed-origins>\r\n      <allowed-methods>\r\n        <method>GET</method>\r\n        <method>POST</method>\r\n        <method>PUT</method>\r\n        <method>DELETE</method>\r\n        <method>HEAD</method>\r\n      </allowed-methods>\r\n      <allowed-headers>\r\n        <header>*</header>\r\n      </allowed-headers>\r\n      <expose-headers>\r\n        <header>*</header>\r\n      </expose-headers>\r\n    </cors>\r\n  </inbound>\r\n  <backend>\r\n    <base />\r\n  </backend>\r\n  <outbound>\r\n    <base />\r\n  </outbound>\r\n  <on-error>\r\n    <base />\r\n  </on-error>\r\n</policies>",
                "format": "xml"
            }
        },
        {
            "type": "Microsoft.ApiManagement/service/apis/operations/policies",
            "apiVersion": "2023-03-01-preview",
            "name": "[concat(parameters('service_NextCloud_name'), '/apis/printfromhtml/policy')]",
            "dependsOn": [
                "[resourceId('Microsoft.ApiManagement/service/apis/operations', parameters('service_NextCloud_name'), 'apis', 'printfromhtml')]",
                "[resourceId('Microsoft.ApiManagement/service/apis', parameters('service_NextCloud_name'), 'apis')]",
                "[resourceId('Microsoft.ApiManagement/service', parameters('service_NextCloud_name'))]"
            ],
            "properties": {
                "value": "<!--\r\n    IMPORTANT:\r\n    - Policy elements can appear only within the <inbound>, <outbound>, <backend> section elements.\r\n    - To apply a policy to the incoming request (before it is forwarded to the backend service), place a corresponding policy element within the <inbound> section element.\r\n    - To apply a policy to the outgoing response (before it is sent back to the caller), place a corresponding policy element within the <outbound> section element.\r\n    - To add a policy, place the cursor at the desired insertion point and select a policy from the sidebar.\r\n    - To remove a policy, delete the corresponding policy statement from the policy document.\r\n    - Position the <base> element within a section element to inherit all policies from the corresponding section element in the enclosing scope.\r\n    - Remove the <base> element to prevent inheriting policies from the corresponding section element in the enclosing scope.\r\n    - Policies are applied in the order of their appearance, from the top down.\r\n    - Comments within policy elements are not supported and may disappear. Place your comments between policy elements or at a higher level scope.\r\n-->\r\n<policies>\r\n  <inbound>\r\n    <base />\r\n  </inbound>\r\n  <backend>\r\n    <base />\r\n  </backend>\r\n  <outbound>\r\n    <base />\r\n  </outbound>\r\n  <on-error>\r\n    <base />\r\n  </on-error>\r\n</policies>",
                "format": "xml"
            }
        }
    ]
}